seed,condition,pws_final_half,pws_slope,pws_mean,pws_std,pws_q1,pws_q2,pws_q3,pws_q4
0,control,0.7589455226204209,6.292401488476738e-07,0.757499290517278,0.0381377718096078,,,,
1,control,0.7582391805496991,-2.283296209036467e-09,0.7573697340633714,0.03833807371013397,,,,
3,control,0.7578346511507189,-9.081126498578155e-06,0.7571058436259361,0.03826067945672626,,,,
2,control,0.7589846127544367,-4.382281997240257e-06,0.7579568643336433,0.03839659448133796,,,,
1,treatment,0.7837619045976001,-7.77131696645591e-05,0.7972108491429951,0.051610933018511156,0.8118133512928349,0.8696710323198623,0.9496212960639251,0.9110762901318661
0,treatment,0.7787976197630916,-1.3980706833711751e-05,0.7884681785194496,0.0526745146176963,0.8182637300126226,0.8815388427911411,0.9450395510948408,0.9017228996646078
2,treatment,0.7847155732133997,1.4585235112276717e-05,0.7873049940342681,0.05163461895773539,0.8047711780139875,0.8734746694827594,0.9538334560349581,0.9152642841524807
3,treatment,0.7956846734338892,4.405219363582205e-05,0.7967052135343556,0.04819665778426723,0.8220375296606284,0.8780893824378324,0.9535783175599271,0.9161274305075775
5,control,0.7592396837396241,-2.2885490573636488e-06,0.7576495138298439,0.03898950522976115,,,,
4,control,0.7576890641905568,-1.5122012172624679e-05,0.7575394944070722,0.0380903907139718,,,,
4,treatment,0.7737191742827673,-0.00011558450340180633,0.7890944345207719,0.05216243221297318,0.8136618295660105,0.8868436461312456,0.9405865824302705,0.8977133974598706
5,treatment,0.7900849499420154,5.801869494991532e-06,0.7957351968976651,0.048936408024553575,0.8040999846313626,0.8695937350738095,0.9542430811858215,0.919005688986286
6,control,0.7591212777228135,-1.1315560658378472e-05,0.758026599325099,0.0382753901133234,,,,
7,control,0.7604338585927221,-2.5303001905157382e-06,0.7573954961077176,0.03889677873513643,,,,
8,control,0.7581532681376661,-9.710300259584858e-07,0.7568885285922929,0.03860780976224293,,,,
6,treatment,0.7755996029287416,-6.0815075360076035e-05,0.7862097687004389,0.04906129500981511,0.8184914047948982,0.8837414004792473,0.9406557327889709,0.8945273742239761
7,treatment,0.7825211568317898,2.535625930625721e-05,0.7882295546028809,0.05358011775428096,0.8125406309278078,0.880173669618589,0.9488290648313837,0.9097396874217001
8,treatment,0.7678987417006649,-5.389284345676077e-05,0.7794177676608985,0.05168522074974656,0.810659240565481,0.8722933988500396,0.9438181639029959,0.9003138698563435
9,control,0.7596073475622765,9.327336348287786e-06,0.7573615633726232,0.03840816867208248,,,,
10,control,0.7609451869504075,1.5592151375554158e-06,0.7588357949558797,0.03852086540426934,,,,
9,treatment,0.7863205889570064,7.332786444604017e-06,0.7917957343117857,0.05046987223543832,0.8122885874563051,0.875648650348021,0.9519258173354562,0.9111668816393758
11,control,0.7606211954713433,1.4759445052569561e-05,0.7582519143391538,0.03867001190443931,,,,
10,treatment,0.7994801339638229,1.855912266251556e-05,0.7978687517854788,0.048462901347884293,0.8111500559109267,0.8705604558247878,0.9576452408144038,0.9247266350669988
12,control,0.75929392318112,3.27616788756631e-06,0.757221357494881,0.03854783303630813,,,,
11,treatment,0.7803893410162172,-9.3770801931279e-05,0.7945791345198374,0.052702432457894535,0.8215683605575115,0.888280444565521,0.9439323470612195,0.9004754660617647
13,control,0.7584241196172723,-2.581720707096695e-06,0.7566141001318342,0.03824310763902464,,,,
12,treatment,0.790838166937172,2.3487216922582098e-05,0.7979994280300564,0.05118555080762039,0.8185652493812586,0.8754587273689796,0.9495762523058228,0.909852998045253
13,treatment,0.7664488502244706,-0.00014771807005136607,0.7832383844168288,0.052056226596653814,0.807548099498219,0.882011523409499,0.9436218650385972,0.8994976433859335
14,control,0.7571283513433693,-9.165996336442074e-06,0.7569477907884457,0.03842701633481825,,,,
15,control,0.7600760634426103,-1.022426220685806e-06,0.7575189368918688,0.038090206415743184,,,,
16,control,0.759513302670475,-8.253380940899458e-06,0.7576925664321316,0.038252840985371975,,,,
14,treatment,0.7761496596029985,6.341656852308144e-05,0.7775828586022806,0.05308314778761255,0.8033737556526601,0.8772983811727708,0.9484113064796473,0.9072677684875747
15,treatment,0.7942137773226104,1.4548571250337473e-05,0.7956207596833266,0.05059600171236298,0.8175827016818343,0.8775926405067992,0.9528810954979733,0.9151010894434809
17,control,0.7587373835882522,4.504701850232084e-06,0.7563338057545657,0.03840940551686931,,,,
16,treatment,0.7866668162173444,1.0729994317557196e-05,0.7930497712679213,0.05154087889514441,0.8058762163839529,0.8787253382406596,0.95008787718662,0.9141446050345275
18,control,0.7586208571344781,5.794330906628588e-06,0.7571939737165335,0.038170499290934856,,,,
17,treatment,0.7787441693440625,-1.4923059512760869e-05,0.7875116041580721,0.05072596523828802,0.8207305908517815,0.8823777829965032,0.9465449746224661,0.9027182405206567
19,control,0.7595793616420649,5.209806255911443e-06,0.7574071448511315,0.038150872554894855,,,,
18,treatment,0.7985592322090188,4.740085462694584e-05,0.7984376063616621,0.05258858700878494,0.8081637477847678,0.8689154191746429,0.9527966297117596,0.9177166433731291
20,control,0.7599895084235936,-4.656297610712644e-06,0.7589644954013635,0.038129151688084006,,,,
19,treatment,0.7786816665000271,-2.033202807372142e-05,0.7868647890692873,0.05050322665148726,0.8111771709045187,0.8771030334466149,0.9485244819734663,0.9070301305325232
21,control,0.7567843672109277,-1.5777511462232943e-05,0.7561687746154618,0.03834086050210662,,,,
20,treatment,0.7744371136876469,-9.677562313207832e-05,0.7900750490780919,0.05251974706212997,0.8082108300915254,0.878493054392735,0.9474693214873097,0.9063750246642461
22,control,0.7588002218365473,2.4060346287688414e-06,0.75783259496011,0.038605074477538436,,,,
21,treatment,0.7917773043989333,9.419347641253933e-05,0.7865096384824213,0.05336677034224482,0.818955140138903,0.8765266670284236,0.9531273907074611,0.915967195038926
23,control,0.757765508505898,-7.383654779971269e-06,0.756882989862294,0.038394690438665856,,,,
24,control,0.762496449253879,4.203705523965498e-06,0.7603781491424478,0.038289133951838146,,,,
22,treatment,0.7853775205310422,5.976136344534873e-05,0.79191323879806,0.05135622809128819,0.8220147450556446,0.8830348513178216,0.9455299585180312,0.9051408513966314
23,treatment,0.770004846586159,1.9317706277621136e-05,0.7813161231089693,0.05122291139175327,0.8142023384953817,0.88232323810867,0.9414485918873022,0.8980285769958835
25,control,0.7585800106292223,-3.941595137697542e-06,0.7580666185736941,0.03809719071047574,,,,
24,treatment,0.7833601561891197,2.0259918072452767e-05,0.7859793691935912,0.05397411147684173,0.8089315244812908,0.8792595615849178,0.953259270865458,0.913793008587935
26,control,0.7584796284774887,-8.584642660158256e-06,0.7570280185156347,0.03853274465839054,,,,
27,control,0.7581307677888939,3.8946512853572365e-06,0.7570642043554101,0.03811639555711176,,,,
25,treatment,0.7816345209302599,3.760939867816418e-05,0.7793622862003831,0.055401659292198535,0.7888265669154206,0.8649823028856178,0.9481510214024071,0.91200924906202
26,treatment,0.7922295363911401,2.4186829384390893e-05,0.7972955166711275,0.05157335843089991,0.8108905658533335,0.8774523937353736,0.9538463469763862,0.916764815530321
28,control,0.7588594229759804,2.908352982804237e-06,0.7575232620986481,0.03794962391322358,,,,
27,treatment,0.7914779112456075,2.9038927664575763e-05,0.7958227048822014,0.04914525770109183,0.8171837755478577,0.876892238960333,0.9531076837788072,0.9146470292047796
29,control,0.7610222738297635,-2.4201440529129423e-06,0.7587718457668051,0.037873984190446616,,,,
28,treatment,0.7809460687616092,5.7870309825195555e-05,0.7850768909529579,0.05236990652757614,0.8055581785142218,0.8736435789608644,0.9456189965418186,0.9081098120114234
30,control,0.7588250824564617,-1.2938788708585591e-05,0.7584003636686136,0.03814451941072756,,,,
29,treatment,0.7951754323488004,9.090340971781808e-05,0.7932058380503113,0.050997783992041745,0.8093748876147577,0.8726281131239323,0.9562627448999822,0.9212470368564646
31,control,0.7574842168022985,-1.5104607951765521e-06,0.7570287447110076,0.03840119953967546,,,,
32,control,0.7592612368210538,1.5762540539363332e-06,0.7581065601155962,0.03841306531016651,,,,
30,treatment,0.7817354746582466,5.653450925308711e-06,0.790979940779001,0.05232670063582753,0.8216576277765144,0.8832057702506827,0.9465015857281595,0.9056724213350955
31,treatment,0.7825088908130662,3.6623965744592244e-06,0.7879454029777538,0.0509521835093114,0.8124662313564043,0.879207476465243,0.9487399526118491,0.9075771943070867
33,control,0.7576778445691286,-1.9221907410279925e-06,0.756997017658988,0.038300098278842516,,,,
32,treatment,0.79104574489308,8.209755472812114e-05,0.792397836602873,0.05133407220646442,0.8262205333819947,0.8815495769745791,0.9510481769560166,0.9080041177665072
34,control,0.7577546272383735,-1.2335245772325822e-05,0.7570869269784896,0.038105015013268906,,,,
33,treatment,0.7790703204796418,-9.96315351671065e-05,0.7918299114652123,0.05258704268004145,0.8111644272805618,0.8764981369427713,0.9470383994942443,0.9049778680837911
35,control,0.758002774695418,2.4116866132507897e-06,0.7565289964846278,0.038641815989292894,,,,
36,control,0.7595557623777269,7.083830374802392e-06,0.7568670254244286,0.03803443430754347,,,,
34,treatment,0.7878441183311927,-1.014843214067192e-05,0.7940267154128671,0.048385347509809024,0.8065917773504798,0.8764510274351753,0.9531043981720118,0.9137494548990232
37,control,0.761041347838362,1.5140661760110022e-05,0.758123148000569,0.038292347326753295,,,,
35,treatment,0.7802298012484936,3.5895842238681206e-06,0.7819258795630512,0.05198674812655146,0.8018397079916002,0.8712767778461247,0.9511125998003164,0.9118832423099271
36,treatment,0.7715900375416476,-1.7499950051915515e-05,0.7781722912671467,0.05412866822898245,0.815504221852717,0.887374152485269,0.9428847218915242,0.8987324805692671
38,control,0.7593471295053187,2.712775244770329e-06,0.7572045233782936,0.038629301065583134,,,,
39,control,0.7602935812908375,1.3866108501218929e-05,0.7577060480786093,0.03834680627882535,,,,
37,treatment,0.77711053729622,-7.249520170091858e-05,0.7911201540266595,0.050497736098550856,0.7989928036026046,0.876909433850235,0.9485576365157459,0.905833466401151
40,control,0.7587715992702673,-3.7009482706457987e-06,0.7576540281463113,0.03832090656735375,,,,
38,treatment,0.7950559670557263,4.062102257011386e-05,0.7951886005965556,0.04821895320176403,0.8079786468890878,0.8746845270650676,0.9557200620775751,0.9190773380174103
41,control,0.7574175080621527,4.203364944662724e-06,0.7554678230334573,0.03852822792339082,,,,
39,treatment,0.7741607214643617,1.5189910005378016e-05,0.7771606707770771,0.05222882505334735,0.8102959491905244,0.8772871557728251,0.9396940005840794,0.8969886699339216
40,treatment,0.7818093302425047,-2.6997063715953783e-06,0.7933378466966953,0.05092345964313491,0.8076778382347997,0.873331919148761,0.9452778183921103,0.9026397328010346
42,control,0.7568401431685546,1.0550308068284093e-08,0.7561464021788609,0.038083913229764364,,,,
41,treatment,0.7925456990282559,-2.0389686015515876e-05,0.7967530804157819,0.0486874761835884,0.8040303407285925,0.8715246589944016,0.9536798477527043,0.9182658420229409
43,control,0.7578916802295746,-9.943260929386948e-07,0.75665118386383,0.03834941581727159,,,,
42,treatment,0.7768066961509549,-7.717655541366659e-05,0.7898011590864248,0.05071573877784623,0.8019684579058067,0.8700149368549004,0.9479799451576807,0.9067323487936159
44,control,0.7601331211379145,1.5510573411034437e-05,0.7575127685713823,0.03872533563141641,,,,
45,control,0.7585262689475013,-4.321635407742434e-06,0.7575839843624328,0.0379989002551478,,,,
43,treatment,0.7805515898298132,-4.185835653558443e-05,0.7881268182110615,0.05184214503806095,0.8101637126984159,0.8775619718981598,0.9479571193797078,0.9059607852789512
46,control,0.7572345240793396,-7.610198987686046e-06,0.7561927343309771,0.03824724907766783,,,,
44,treatment,0.7900015789313704,5.446112428048564e-07,0.7932611537061883,0.050446393570604736,0.8051523757859694,0.86943354452735,0.9573006938141152,0.9233463228987824
45,treatment,0.7694969747424067,-0.00011912356756073366,0.7808766061845429,0.054258500234309094,0.8177044628878802,0.8805212615851553,0.9421774210280178,0.8989546246911475
47,control,0.7597931821197077,4.793911510913023e-06,0.7581374182306952,0.03849451321509291,,,,
48,control,0.7591001834734028,8.150159192063647e-06,0.7566259422752258,0.03811565158458174,,,,
46,treatment,0.7797625008856439,-3.807901930561719e-05,0.7871069768471669,0.049816924773946475,0.7956904358244312,0.8710851705092166,0.9535960181893761,0.916550217973266
49,control,0.7582423197752621,-1.1597457457129846e-05,0.7571323408275689,0.03846676912175229,,,,
47,treatment,0.7711206471954017,9.098063869693224e-05,0.7703888303155952,0.05560373521523309,0.8025755479279203,0.8738368337844489,0.9508962141096329,0.9091653652881121
48,treatment,0.7771628551056551,7.685175618385113e-06,0.7861800075020466,0.0530270337937588,0.8124318154818028,0.8758011398758206,0.9474969426798404,0.9058912582185714
50,control,0.7594913337194745,1.3817160426141206e-05,0.7571692970776551,0.03852911002179735,,,,
51,control,0.75967385147605,7.513020733773881e-06,0.7578069018000843,0.038047264496295786,,,,
49,treatment,0.768115944844136,-2.939530958769974e-05,0.7826765658223573,0.05297884730946367,0.8023173973928844,0.8753511652160886,0.9462920414997631,0.9019318871522399
50,treatment,0.7882647324992056,-5.830060305690732e-07,0.7905869387578094,0.04935049896353538,0.8071241283162945,0.8767252254755586,0.9504164805351184,0.9137638177235519
52,control,0.7583759863635376,4.259083763517088e-06,0.7570012767161067,0.03815371365627329,,,,
51,treatment,0.7734023779159556,-9.668521992427264e-05,0.7841463652397994,0.05250659056416552,0.8140871306582675,0.8830131914220816,0.9452256155672608,0.9037129170530681
53,control,0.7609649176722224,6.0624085999682935e-06,0.7588185394406948,0.03860256203018441,,,,
54,control,0.7588277147413875,-8.71423750261242e-07,0.7578161144647348,0.03830729458449115,,,,
52,treatment,0.7807213664437714,5.994094328004802e-06,0.7866951822054282,0.05258421752342556,0.8221566599751431,0.8852955694949453,0.9440378826006918,0.9022470900043861
53,treatment,0.7862219231749357,-3.595928031034027e-05,0.7929551113178195,0.051304573907645944,0.8102507266584817,0.8768550595078802,0.9509678876484525,0.911502919741278
55,control,0.7583536181564862,-7.547804204664731e-06,0.7584287008067049,0.03776184382552927,,,,
54,treatment,0.7966783506015653,4.7949754328308134e-05,0.7965983685960251,0.054650538506155505,0.8086054957348872,0.8702803557001585,0.9538819124911251,0.9164182579013784
56,control,0.7587189663015853,-4.166257846889751e-06,0.7581733854701368,0.03883375350658728,,,,
55,treatment,0.7842639717574728,-5.88787745736868e-05,0.7940536255969618,0.052797796548602734,0.809442616939397,0.8684203823485965,0.9480705667206896,0.9104027871559186
57,control,0.7580495621050751,-5.89712637481086e-07,0.7570321624238194,0.03855098786474501,,,,
58,control,0.7588732929934732,8.091419782789625e-06,0.7566148023206942,0.03804975955361102,,,,
56,treatment,0.7959203170310517,1.0446784808609536e-05,0.800567673110233,0.04812118424227357,0.8172571879524222,0.8767794972164793,0.954958196249568,0.9195762727738495
57,treatment,0.7721632135002429,-5.5848166297103344e-05,0.7812463100928719,0.05248218959529358,0.8105055525559602,0.8736838569608315,0.9450487391114016,0.9033294626452845
59,control,0.7591826649551854,-1.6977982131115467e-06,0.7576565990795725,0.03813178704270973,,,,
58,treatment,0.772433917561817,-1.6285032955828026e-05,0.7866300065969449,0.05214562616289336,0.8157061085507413,0.8848369760852504,0.9454737049652132,0.9007295947414643
60,control,0.7591853831682023,-1.4653416733896994e-06,0.7577250850320816,0.03816790640690885,,,,
59,treatment,0.7696712576792893,-3.508352028025189e-05,0.7797383855937035,0.05146139921012666,0.8137290063559326,0.8811055050747247,0.943036619840748,0.8994781488904847
61,control,0.7573704318037627,-3.4358815572751027e-06,0.7572987184799541,0.03800023605604854,,,,
60,treatment,0.7738043277885552,2.8548908518384833e-05,0.7792340830078047,0.05251568476429584,0.7969682478009038,0.877433835520565,0.9488646590727003,0.9079743502427526
62,control,0.7623938018580676,1.5690443202972644e-05,0.7586582276328203,0.03835865719331777,,,,
63,control,0.7593099009474323,1.1763742851269949e-05,0.7566857914911234,0.03794585802644178,,,,
61,treatment,0.7778126268300616,-9.922679643065328e-05,0.7909453821103819,0.049839464566921905,0.8046827303770819,0.8699910822521405,0.9495308226199337,0.9105920686646577
64,control,0.7568546609274724,-8.662781200430788e-06,0.7569346873947929,0.03789386218178357,,,,
62,treatment,0.7869273300677736,9.102731849456175e-05,0.7832149351655007,0.05050015008408638,0.8071599654014266,0.8741010935878433,0.9519533371764941,0.9141670099555935
63,treatment,0.7916711697148738,3.324998805818536e-06,0.7968328589992664,0.04842282342969827,0.8212538537941552,0.886042532908206,0.94926851285406,0.9102770827411606
65,control,0.7583278288359184,-2.812617892724124e-06,0.7572385855155845,0.03831855123041698,,,,
64,treatment,0.7772204373503295,-6.766859852293399e-05,0.7915876159357985,0.05044374940595783,0.8067536944731311,0.8723729851449471,0.9466773430374845,0.9042527551791966
66,control,0.7588179777059643,2.300641046192924e-06,0.7566847403480079,0.0384038693306134,,,,
65,treatment,0.791348204530659,3.3496617389502084e-05,0.79211987354872,0.0511581139042542,0.8189278869943555,0.8792054772570194,0.9504751311295485,0.9106795116148166
67,control,0.7586890953888464,-6.704561786050169e-06,0.7577496644788003,0.03811532371767539,,,,
68,control,0.7592808833347817,2.1276078281741396e-06,0.7574430526537864,0.03864094315546779,,,,
66,treatment,0.7869364963501803,-8.273950317143786e-06,0.7947296696515032,0.05004311353553307,0.8091814642211165,0.8753294329668746,0.9540737980709636,0.9175209065578489
67,treatment,0.7877788297144956,3.0264575044169885e-05,0.7893197952925932,0.053139654568158466,0.8157680899559987,0.873545534069171,0.9519718173764949,0.9114718210840291
69,control,0.7585840479670791,3.8768495281860304e-06,0.7570705040190614,0.03810328509169186,,,,
70,control,0.7580370590639937,1.2563390341508793e-06,0.7566408140326376,0.038280135320614375,,,,
68,treatment,0.7771293510445176,-7.103089537012235e-05,0.7905369149077298,0.052404825374267876,0.812762895479225,0.8765624647353375,0.9478948274099966,0.9066661390022297
71,control,0.7590538131433839,7.792444919471675e-06,0.7575795579153901,0.038067318331273976,,,,
69,treatment,0.7908865234976962,3.139321083889352e-05,0.7940303792923804,0.05188910610353708,0.8192002704851747,0.8770955638327669,0.9478642996287383,0.9074565308357286
72,control,0.7587222123245695,-5.57628986639141e-06,0.7581418011821641,0.03874622963765393,,,,
70,treatment,0.790258129951839,0.00010172301997163798,0.7880100172565943,0.051528725219558605,0.7943465136044555,0.8623187316117061,0.9541485248303866,0.9181430721768042
73,control,0.7597233232335577,7.035777489529601e-06,0.7582017788048556,0.03831408915441594,,,,
71,treatment,0.7940782990479487,3.4668679457787316e-05,0.7956295700538826,0.05209481159726826,0.8081629323969705,0.8705148953642297,0.9577738821144925,0.9241303419016672
72,treatment,0.7860543895064852,-1.2231242758493e-05,0.7965851354859209,0.05102320418663519,0.8012788980797687,0.8645868262282979,0.9520663280723322,0.915565268456127
74,control,0.7587266476476191,-8.492532897128176e-06,0.7573833844915913,0.03851997640611867,,,,
73,treatment,0.7764239207552228,-3.6262416244630167e-05,0.7863398883049758,0.04903503398549811,0.8101140590381773,0.8808544002275266,0.9506702122688723,0.9109545048987141
75,control,0.7594909600206302,6.049247526861051e-06,0.757328880715374,0.03796708681448033,,,,
74,treatment,0.7910509476580507,8.37053828660958e-07,0.7979984114944093,0.050920560130605017,0.8171010107926929,0.8808031937470069,0.950711390074786,0.9129498839895375
76,control,0.7572687035657649,-6.541162630513477e-06,0.7565568313900262,0.03901810395981806,,,,
75,treatment,0.7938288611401311,4.820037800657816e-05,0.7943823975814149,0.05168215267281776,0.8115632105701559,0.8699569270483273,0.9521062849847883,0.917110750652619
77,control,0.7608319907821527,-7.085840810615289e-07,0.7587754103082007,0.03837114482568479,,,,
76,treatment,0.7862662988841812,-4.037573133967757e-05,0.795273149211286,0.0488775650357039,0.7972028871584422,0.8685428785303589,0.954099777539585,0.9172959537840983
78,control,0.7570456036963593,-5.87730368110456e-06,0.7567661336064446,0.03797639602177458,,,,
79,control,0.7581341370583954,-9.750763079594145e-06,0.756879224598093,0.038462987252232884,,,,
77,treatment,0.772418467051798,-5.768416435155303e-05,0.788162093436684,0.05173328195196012,0.8188473872004705,0.8846978386884523,0.9435751817576756,0.898204562811798
80,control,0.7596754198291611,2.361169847755224e-06,0.7571408218934117,0.038409310289297956,,,,
78,treatment,0.7870396490407202,-1.6062304719167833e-05,0.7943409610198737,0.04918533267647229,0.807224344818237,0.8756401497383401,0.9491764040642402,0.9110697838879697
81,control,0.7616110860512578,1.4208450954670204e-05,0.7589482203115261,0.03826969417986271,,,,
79,treatment,0.7776804602381846,-6.233447144906898e-05,0.7906032322078512,0.05301666743326465,0.8105865017585987,0.881570166753284,0.9455169006019462,0.9039077388235838
82,control,0.7582522967841578,2.9600145352315758e-06,0.7569381763096636,0.0384443602646729,,,,
80,treatment,0.7811506211023784,3.818205125796163e-05,0.7896080223218814,0.05071238851355948,0.8208847403721756,0.8774993090094335,0.9455961852559658,0.9034248091315046
81,treatment,0.7971604673827558,0.00011610097814202373,0.7897752322290009,0.05302669339729757,0.8119890632085094,0.8702720501298816,0.9556213452919843,0.9196896306333701
83,control,0.7586277553843453,-7.235143630238993e-07,0.7567181579907627,0.03846540048046995,,,,
82,treatment,0.7874274637184724,5.73881465175316e-05,0.7881228628900628,0.05092316383968221,0.8208938310951548,0.87975967304295,0.9483284571845331,0.9076859000568874
84,control,0.75921251240898,-2.942683172332069e-06,0.7577280156960621,0.03771668724884903,,,,
83,treatment,0.7683917787873521,-0.00011543137451066154,0.7812489808587859,0.051461652471036345,0.8088852180400612,0.8796552763106443,0.9425347743969653,0.8989222331051064
85,control,0.7599609519039185,-6.129381243322835e-07,0.7585665733682582,0.0380067990532415,,,,
84,treatment,0.7972086466519763,1.7301322729581617e-05,0.7988811480594324,0.047519309096816204,0.8136818728862333,0.8754801831887087,0.9532619904617886,0.9169863400209233
86,control,0.757476480911709,-1.4626251251786756e-05,0.75719219401988,0.03831731028592561,,,,
85,treatment,0.7691273242557373,2.511561243909834e-06,0.7762954791308798,0.050923126604822185,0.8054265249654057,0.8780945486046318,0.9418774992393042,0.8972223407039598
87,control,0.75974131336774,-3.3745444142013457e-06,0.7580291546500293,0.03876515581098085,,,,
86,treatment,0.7904275632204488,4.345516128531228e-05,0.7900506737543824,0.04885620936048977,0.8181174593319736,0.8728993361535071,0.9509947658405058,0.9112002647893577
88,control,0.760480212913384,8.475101502467451e-06,0.7579705130368718,0.038531871091406406,,,,
89,control,0.7584652480020005,-4.907643265546678e-06,0.7570233944719069,0.038425060080052045,,,,
87,treatment,0.7833428142865932,3.642209612700633e-05,0.7868102628148343,0.05076240198597877,0.8207237833191371,0.882563877786647,0.9511668337278811,0.908904907576074
90,control,0.7613235043402448,1.4331329192211336e-05,0.7590179468560604,0.03812087681485356,,,,
88,treatment,0.7817241328226087,-1.290110013999883e-05,0.7842564685942077,0.051338644821584414,0.8179869088465762,0.8852746763282439,0.9485799126443106,0.9073262224459322
89,treatment,0.7844892551877757,3.394991374717261e-05,0.7870944922834702,0.04915278540286279,0.8084149378367628,0.8768133964550208,0.9522532477335007,0.9144823132860027
91,control,0.7590030793313163,2.6883666979989815e-06,0.758147377640742,0.03858145805631528,,,,
90,treatment,0.7818580713770162,1.2225666070548384e-06,0.7898533733364256,0.051631789077065005,0.8153660365222638,0.8811117806823919,0.9450970085442822,0.9020966211039618
92,control,0.7586241434050427,-4.837702172631621e-06,0.7569850817548172,0.038478292569467776,,,,
91,treatment,0.7846106924047503,-5.794610688956979e-05,0.7953680692124262,0.05048748690141374,0.8048965977030356,0.8731688505355675,0.9497271962924261,0.9097699013890163
93,control,0.7588876311321053,-5.754821853744653e-06,0.7580066046512378,0.0383623123000242,,,,
92,treatment,0.7718199182336001,-4.650782892041742e-05,0.7858484286390061,0.05166348799452375,0.8148360753892472,0.8821229595085323,0.9449431775043177,0.9019527739356337
94,control,0.7585056818033803,-8.955604454749676e-07,0.7571843252819993,0.03820165863588798,,,,
93,treatment,0.7743804853116449,0.00011786434205120386,0.7754105919000784,0.0545422445345316,0.8038885806604846,0.8752608550453738,0.9498620171959539,0.9070250413056427
95,control,0.7581204919810108,-3.4619449527760514e-06,0.7566988104703645,0.0375887582454456,,,,
96,control,0.7583138360801118,-1.27673334675256e-05,0.7576431759973227,0.03850542523389409,,,,
94,treatment,0.7772143733414927,-9.532596764045901e-05,0.791518184377649,0.05285916624296201,0.8138625170774912,0.8804165885878806,0.9476474438924957,0.9060886343974258
97,control,0.7602269550515965,4.787179421434719e-06,0.7591699891428388,0.03851079106248323,,,,
95,treatment,0.7870556842744066,-1.4508500653925114e-05,0.7913146343305759,0.04948681550305603,0.8062204887568007,0.8774699655147354,0.9518441176007533,0.9107846510862865
96,treatment,0.7888725514315366,-1.9923619959207267e-05,0.7961164615605402,0.04820459145371317,0.8046468974772154,0.8761772091741861,0.9542591240937268,0.9185847353758978
98,control,0.7577420230545802,-4.9509438783298165e-06,0.7570123996101584,0.03816774766056278,,,,
97,treatment,0.7735712721826361,-8.352519829745366e-05,0.7873252818933488,0.049678197691338535,0.820157789791007,0.8860647995676727,0.9419861741348541,0.8955329310298578
99,control,0.7581291581274394,5.123235746931262e-06,0.7564262659771915,0.038238480158218235,,,,
100,control,0.7603421518410937,-1.1878546684745635e-06,0.7580518890392306,0.03827773144220697,,,,
98,treatment,0.7776129573425927,1.4396316144199584e-05,0.7809147371080081,0.050013149415287506,0.8187926268561108,0.8834863845205775,0.9442156355259522,0.9016403288918088
101,control,0.7584068977099716,9.988441632774015e-07,0.7567306019194973,0.03879628457502089,,,,
99,treatment,0.7873961311177998,-2.142769447724123e-05,0.7918969302788609,0.04994656306355948,0.8113590401939893,0.8736790507441685,0.9543849930207847,0.9161375896769554
100,treatment,0.7838972315936531,-2.5252546486662e-06,0.7857920519947841,0.0534431115880773,0.801078977428528,0.8692493188863468,0.9496067407009606,0.9097810637512428
102,control,0.7582486661432442,-1.4578785510886496e-05,0.7574629024828514,0.03795365918596985,,,,
101,treatment,0.7828529024924238,1.5615376218788672e-05,0.7924885797834915,0.052700342081780045,0.8160525379266423,0.876364656771172,0.9448260964647919,0.902204999527318
103,control,0.7590532122212982,3.886746674895902e-06,0.7573985790520229,0.038371883175796366,,,,
104,control,0.7598324125202157,1.1097660671260845e-05,0.7567377640631577,0.038115806116889105,,,,
102,treatment,0.7845710131949556,5.561919749181788e-05,0.786195445595081,0.05013629481733436,0.8210074666789596,0.8839308254672804,0.9503895937599381,0.9086274878206245
105,control,0.7580255489523224,2.0804316636691373e-07,0.7565319894794851,0.03805942654236348,,,,
103,treatment,0.77318809794814,-0.00012088029609359313,0.7876502555835279,0.054368840578435766,0.8059264903205804,0.8701130553049934,0.9455547049455291,0.9061415667166814
104,treatment,0.7834211617907009,3.911973824393522e-05,0.7850740402098666,0.053377114261310706,0.8106990353264029,0.873771446859811,0.9529233464885273,0.9137111467320868
106,control,0.7576041285689817,-1.6114778983062854e-06,0.7570817055459359,0.038493309041648154,,,,
107,control,0.7588637019199657,-5.168992190300773e-07,0.7577241538073133,0.038165470838033844,,,,
105,treatment,0.7851841365194898,-1.985588597664766e-05,0.7882962208474191,0.05025172188381214,0.8086860316820018,0.8802916871335532,0.9487788665845212,0.9091772294765954
106,treatment,0.7866480066584184,-4.407118730355742e-05,0.7964476706661716,0.05061385371302357,0.8000104387313045,0.8704650523674756,0.9539496754670088,0.9174923350714292
108,control,0.7613385065172634,3.773081231361674e-06,0.7593870175862176,0.03837731481469471,,,,
109,control,0.758311846304401,1.1469174800229602e-05,0.7565059921346933,0.038111858035495605,,,,
107,treatment,0.784606786734446,-1.0446646363109414e-05,0.7901614163491818,0.04795777158415329,0.8105184619479002,0.8806796861397975,0.9508915024344672,0.9117773375631749
110,control,0.7580350524701829,7.641049948737992e-06,0.7568237719916967,0.0383086695299035,,,,
108,treatment,0.7750184980187848,-2.3448754086069903e-05,0.7870236232950016,0.05101186468554142,0.8120937553198994,0.8811269922619693,0.9442221394823076,0.8997009993692802
109,treatment,0.7783136826824799,-8.839708970694023e-05,0.7856284422805835,0.0522182979541105,0.8162277373241585,0.8734314894366089,0.9443413820162112,0.9009860303958676
111,control,0.7582626825447395,9.127029240785163e-06,0.7572477776777703,0.03744829430751591,,,,
110,treatment,0.7787032474315849,9.406585213537333e-06,0.7882667032121393,0.050287698865926794,0.8089206654240013,0.8806031311001717,0.9480216866739862,0.9081240081724808
112,control,0.7580435288221047,-9.672060684047126e-06,0.7571977516146156,0.038452190103683885,,,,
113,control,0.7586018993339315,5.421620444236843e-06,0.7558317265143965,0.03848383189624547,,,,
111,treatment,0.7888229449444676,-9.618787953736477e-06,0.7940066827147736,0.049738728419856125,0.8141950344555049,0.8782769289893211,0.9539566451985172,0.9173482952686999
114,control,0.7598453528486717,1.4607897336577091e-05,0.7579053285088301,0.03885445396917343,,,,
112,treatment,0.7905304332661843,4.030455646994999e-06,0.7926061864981523,0.04904740708785819,0.816059564640747,0.8773238926671432,0.9542715468609559,0.9161903786261826
115,control,0.7594827596162702,8.159442940475938e-06,0.757678652031547,0.03829762213249059,,,,
113,treatment,0.7829278394505601,2.4791792876221215e-05,0.7909886090265074,0.05205127093065018,0.8145501729290121,0.8854517127347084,0.9452149417442345,0.9046040220420652
116,control,0.7579811041448659,-7.35664859296831e-06,0.7574273686903455,0.037871039552814366,,,,
114,treatment,0.7887141473876526,-1.4110993496518328e-05,0.7961786558536162,0.04895870218193608,0.8099522639272179,0.8771615956870389,0.9495442188089971,0.9108585615975475
117,control,0.7579376495252386,-3.91303769716187e-06,0.7575007392047055,0.03834996063523285,,,,
115,treatment,0.791775892741033,4.7140802348141193e-05,0.7928307120166841,0.05154677202145267,0.8172594346406287,0.8842861764997244,0.9476588704013114,0.9077957307497724
116,treatment,0.7800548995608969,2.6289596336716144e-05,0.7877502996548935,0.05000440743501849,0.8132537760311461,0.8781133250383508,0.9476948296181117,0.9059470731748898
118,control,0.7590930353977277,5.910902007767743e-06,0.7567619481357485,0.03798838984224315,,,,
117,treatment,0.7794884747720427,-0.00011614918954579084,0.7927746395906515,0.053008816702312556,0.8105583400480396,0.8697348182287281,0.9530512487148368,0.9129424123171453
119,control,0.7596732308490178,4.432547713825767e-06,0.7578352886162176,0.03846883135938727,,,,
118,treatment,0.8054359786527341,0.0001102276560242779,0.7988513173401823,0.04932210348449384,0.8131570845514341,0.8700539511635871,0.9603185836495335,0.9263402296404333
120,control,0.7588798116041189,5.146612765785618e-07,0.7575439700679975,0.038821195747765457,,,,
121,control,0.7611157702739346,4.846175587921907e-06,0.7588768300318536,0.03865692376183842,,,,
119,treatment,0.7832536958632783,-4.392519088855535e-05,0.7905069427059446,0.04863233548051518,0.820305536176493,0.8831891572062819,0.9469827459470924,0.9045313228317262
122,control,0.7594751500076918,-9.092962327509223e-06,0.7582301016440285,0.0383584560628624,,,,
120,treatment,0.7834064944869327,5.240245794650643e-05,0.7828844208785245,0.05328440111233309,0.7997459385316128,0.868099656741694,0.9515756042928509,0.9149379290681173
123,control,0.7594682618452766,-1.2044888536953328e-05,0.7585877409035191,0.03809837471635719,,,,
121,treatment,0.7922993918773552,2.9009818551815033e-05,0.7918497143142373,0.050809047608215,0.8182263592847293,0.8780870951821765,0.9498750162130674,0.9105840876554369
124,control,0.7585645695734065,-8.843191819812823e-06,0.7580425491933988,0.038206088323481886,,,,
122,treatment,0.7935947731884891,3.8785803101185206e-05,0.7955821214651129,0.05082911589202921,0.815053283432443,0.8747929145698465,0.9541062373498876,0.9177134789861483
123,treatment,0.780971363963845,4.3395816280563203e-05,0.7873308239808914,0.05367533772653658,0.8127448701312069,0.8739152436908798,0.9427454131003732,0.9008600551614715
125,control,0.7596385590409876,1.5832074273240746e-05,0.7579372185126783,0.03825317497220578,,,,
126,control,0.7610894768705385,1.1851777419596166e-05,0.7584442610379389,0.03820806531787802,,,,
124,treatment,0.7804111714017163,-2.7535715388453513e-05,0.7877913242027043,0.05084130163951144,0.8167048257400329,0.8766391158391968,0.9496347645934384,0.909172330680024
125,treatment,0.7837752907855907,2.6181405186815895e-05,0.7857065941824968,0.0543055682016567,0.8236095978751156,0.8838445391329265,0.9462479203119094,0.8999548371077221
127,control,0.7594411000301251,7.610901624956817e-06,0.756668588375645,0.03780732943560833,,,,
126,treatment,0.7907344723671832,-3.1229122363017404e-06,0.7943922519212652,0.04993057174431995,0.7997843169112145,0.8660406574070215,0.9583275307441405,0.9229090253625876
128,control,0.7587100302462726,-5.91366494234885e-06,0.7582944172824385,0.038694776620909005,,,,
129,control,0.7596381453206899,-2.1983885613656526e-06,0.7578819870999152,0.038559121261958915,,,,
127,treatment,0.7934685609370674,6.015977353058066e-05,0.7959517345970681,0.053860043545935266,0.8198067934052005,0.8796076710710186,0.9513026632311985,0.912210287566651
128,treatment,0.7801007135065273,2.4695962413550875e-05,0.7824914389856753,0.05342436611712026,0.8133635501816115,0.8829325741882676,0.9458618153188404,0.9034936567481511
130,control,0.7604458318937518,1.1967111382223153e-05,0.7574516327556648,0.03842919002970507,,,,
129,treatment,0.7841552901419805,2.4261285448344998e-05,0.7813195490727949,0.05172649576740391,0.8178675509281724,0.8818575821962127,0.9513254217339012,0.9109754656841152
131,control,0.7597597125270132,1.2175831166611116e-05,0.7575179602231786,0.03832389046322998,,,,
130,treatment,0.7845280086436367,-5.613802020557837e-05,0.7941231385265983,0.04984511742076423,0.8195945324161231,0.8796710658250804,0.9484632348723856,0.9074025534279406
132,control,0.7580560437608884,-9.760390437912617e-06,0.7575014793909157,0.038712203817507895,,,,
131,treatment,0.7807491404111034,1.107405464626016e-05,0.7873813274025191,0.05153896107775576,0.8065936003898925,0.8715646379717591,0.9499795543916577,0.9103272594550225
133,control,0.7590589239495139,-7.572218025860454e-06,0.758432292613705,0.037924970949265696,,,,
134,control,0.7583762350926941,2.5449138150395753e-07,0.756268547629612,0.037955929656622985,,,,
132,treatment,0.7924104498004955,3.2168175270530044e-05,0.7966947614031996,0.050458730526025224,0.8145252013126029,0.8736585476596488,0.9516220755095285,0.9148996763058083
133,treatment,0.7805236435460419,1.3885985917463026e-05,0.785168393131634,0.05037874909851291,0.814674329147223,0.8801812992822844,0.9451410215163404,0.901957798592337
135,control,0.7588367631074926,-1.1346534955898527e-06,0.7569744859229934,0.03832023868358808,,,,
136,control,0.7603774890522644,-4.66398985626043e-06,0.757890970841026,0.038358158453278286,,,,
134,treatment,0.7837619912326356,1.642022150061042e-05,0.7866733688471256,0.0503654405923286,0.8067424211994828,0.8749394363014356,0.9511747142401499,0.9123378516753432
137,control,0.7584679166354608,-2.0816040097038197e-06,0.7572819199698122,0.03812723530010651,,,,
135,treatment,0.7599215215057766,-0.00017061371411794573,0.7829280166591368,0.05418749234998949,0.8067314380800088,0.8788085300202623,0.9404624424573372,0.893102263225942
136,treatment,0.7864691548881657,-4.057873895527055e-05,0.7976550421886097,0.05048991707581124,0.8191398993495329,0.8811714247325235,0.9480404836655089,0.9060590188597265
138,control,0.7604295131248532,1.2500944950299112e-06,0.7579978680420143,0.038256008614188944,,,,
139,control,0.7582254028839227,-4.0451338007298e-06,0.7573617062236171,0.03842454893664544,,,,
137,treatment,0.7761423351878989,-5.829936951079659e-06,0.7844654578201664,0.051805114869109145,0.7947905074492604,0.8686237872863571,0.9526164767241434,0.9123870903235615
140,control,0.7596404959484025,5.525037555335932e-06,0.7578614472278696,0.03828693150704589,,,,
138,treatment,0.7823691799556733,-1.2485430789034683e-05,0.7913356358148054,0.05293620168130266,0.8147324209240921,0.8773105211935485,0.948618528694695,0.9081602752548968
141,control,0.7609945081961484,1.029868265591107e-05,0.7572676185027891,0.03885420607770616,,,,
139,treatment,0.7931364927574331,0.0001168897804320256,0.7892013205490455,0.052122922926493384,0.8162161965669634,0.8803481368824074,0.9545990009422601,0.9172485013851489
140,treatment,0.7552466556143205,-6.587105862285629e-05,0.7702682835961477,0.05621783297784078,0.8185203535165457,0.8875969722048367,0.9362567719273726,0.8858300710869721
142,control,0.7603005078508488,-5.091683317156427e-06,0.7589035849538349,0.03841376435637264,,,,
141,treatment,0.7992509361361482,6.112130822936292e-05,0.7976592715267738,0.048435510468261805,0.8055653135298196,0.8754298948705507,0.9567321689014611,0.9209162186660957
143,control,0.7593519355924161,5.738221571156853e-06,0.7577940668712677,0.038588814270845845,,,,
144,control,0.7585028936903704,5.385352154446003e-06,0.7573312007202914,0.03840399491922832,,,,
142,treatment,0.7747486982001301,-0.00011668668101935049,0.7884262707018738,0.0516736017655734,0.8105311000212494,0.8821130180757749,0.9436435495575543,0.9022029748166449
145,control,0.7597907148373036,7.0089971416550375e-06,0.7584996297427624,0.03867321865924431,,,,
143,treatment,0.7863739696446045,4.703333690018988e-06,0.7955004378000564,0.0504948015258614,0.809273806394549,0.8776129256406032,0.9549488908475732,0.9169135542519389
144,treatment,0.7623191872544514,-2.217564223612995e-05,0.7776001273923812,0.055438423994800166,0.819207346218619,0.8872907985559025,0.9345435397146326,0.8837108414698168
146,control,0.758576587871378,-9.315583310753526e-06,0.7569825073409227,0.03859478048748137,,,,
147,control,0.7596086659859039,1.2600228893354626e-05,0.7577610509043468,0.038163104816890524,,,,
145,treatment,0.7822380605732863,-1.9519304131376738e-06,0.792257149131897,0.051554592339786154,0.8086392229164906,0.8764884055479075,0.9480032744181741,0.9087652830892158
146,treatment,0.7884113131645775,-6.043675072140532e-05,0.7963877919620727,0.04973088953712632,0.8176470316105315,0.8796687300132389,0.9481834847776094,0.9076672062971363
148,control,0.7597939659520049,8.919253160675702e-06,0.7576477155302648,0.038255799374439126,,,,
149,control,0.7601665902670198,-6.453249912149638e-07,0.7587302214480414,0.038184250647936235,,,,
147,treatment,0.787207624068852,8.741417836994424e-05,0.7886179974545346,0.05382358855259461,0.8212651221801072,0.8823066978244991,0.9465955187239979,0.9076895011950626
148,treatment,0.7938768988963635,7.41993773658609e-05,0.7944541424568091,0.05105997218022,0.8152868398146945,0.8760358581029173,0.957438627131123,0.9226036289219598
150,control,0.7590649251127065,1.192589923141988e-06,0.7572030623132425,0.03836300384265958,,,,
149,treatment,0.7786429795553396,3.996516419917673e-05,0.7854289292556296,0.05177100626806998,0.8160164514975261,0.8805483540621081,0.9461039051377713,0.9045069400838435
151,control,0.7592138273052776,5.578493489590922e-06,0.7573396856375072,0.038266069866396094,,,,
152,control,0.7576714163013213,-1.0356709547289597e-05,0.7565051077150738,0.03904031908125332,,,,
150,treatment,0.7840325757537834,1.3682425127008279e-05,0.7883269843131493,0.05099178755309389,0.8076380985882214,0.8735942903800994,0.947066448925612,0.9077401053694665
151,treatment,0.7766947736938254,2.221212249278964e-05,0.7825152298485453,0.050323633865422844,0.8142325157904666,0.8830569196255611,0.9428770370060452,0.9029748950752539
153,control,0.7594768397775917,5.566257854023108e-06,0.7567832099134191,0.03835144522610309,,,,
152,treatment,0.7829849828327359,7.5605837812366e-06,0.7847100748506316,0.05077435532736822,0.8126639116646827,0.8764884692759163,0.9462528963351491,0.9040419083357095
154,control,0.7598101221372137,9.204831927627077e-06,0.7571800507973595,0.038723290358950974,,,,
155,control,0.7576419863094498,5.072911337593975e-06,0.7557397306119814,0.03832808861056313,,,,
153,treatment,0.7705664179138256,-3.828375538728051e-05,0.7841007670859103,0.051693551243823854,0.8049032560994126,0.8805834514632842,0.9447384623638624,0.8997321142053716
156,control,0.7577197349141505,2.8338810258342364e-07,0.7567159353351163,0.0383860900062836,,,,
154,treatment,0.7824623225152939,-6.346214698603739e-05,0.7937368441582093,0.05225974104276891,0.7952951497538479,0.8685629951869764,0.9490319780617683,0.9092560673779495
157,control,0.7594339911061123,-7.488125779843186e-06,0.7586509940779085,0.03794104449301001,,,,
155,treatment,0.7797219963191063,9.01237110494345e-06,0.7887893579184455,0.051748865530289456,0.8046240045480129,0.8687402247235517,0.948693452223812,0.9094748614648663
158,control,0.7596263266149599,1.1834922346912804e-05,0.7584660129801689,0.038415892040087565,,,,
156,treatment,0.7945345520339545,0.00010114101393883958,0.7886915896574007,0.05133767460773123,0.8173577652818484,0.8775449077293982,0.9551422740258788,0.9182132827332031
159,control,0.7589266429558011,1.3230118688449718e-06,0.7579798515030481,0.0388668115356638,,,,
157,treatment,0.7634568297553661,-5.266894138549471e-05,0.7807427400098499,0.05464005607666397,0.816378628712349,0.8854188853484539,0.9349415002189002,0.8902899330655857
160,control,0.7591819950642072,-6.208484252786796e-06,0.7581709984640007,0.038015841282051814,,,,
158,treatment,0.7961720937527795,-4.578828799932411e-05,0.8000621452688412,0.05060862393334043,0.8145653823890524,0.8713884325537761,0.9575491272186084,0.9199707254925825
161,control,0.7581484892854975,-8.829146772272555e-06,0.7575270896510219,0.03804089875187143,,,,
159,treatment,0.7807751510877518,5.036613726056745e-05,0.7828418832429058,0.052777399359389826,0.8027736462952155,0.8724919318911569,0.9489336606246102,0.9105168031958685
160,treatment,0.7831624424934811,7.63263578080455e-05,0.7842587533623394,0.05332281018230654,0.8131700303571568,0.8799963174158693,0.9534922937693024,0.9132561359082877
162,control,0.7573359234862739,-8.825755151980836e-06,0.7561375178931411,0.03835624701253067,,,,
163,control,0.7596286321141221,-2.4592880957533727e-06,0.7576106357300614,0.03832358785077658,,,,
161,treatment,0.7913309473268487,3.419962375181924e-05,0.7928878991870941,0.052476932024092274,0.8086358759809448,0.8734700733003193,0.9534315332735713,0.9154679300378434
164,control,0.7580344357148441,8.899713168078258e-06,0.7570385776356467,0.038260972826360845,,,,
162,treatment,0.7730162778941048,-1.9487007806147823e-05,0.7811814114792979,0.05163702335830091,0.818315010295711,0.8842820151950468,0.9438010524508202,0.8996734328700515
165,control,0.758689070525503,-3.6229776514099366e-06,0.7573736443320659,0.03821057552315267,,,,
163,treatment,0.7920390272639997,5.555729287275241e-06,0.7928754022432839,0.05165267975067377,0.8173068490612443,0.879469625848085,0.9527965237447824,0.9147749531386352
164,treatment,0.7881949981255744,-3.6876501560326824e-05,0.7939498522710836,0.050579750164518995,0.8067834727542011,0.8760206392342601,0.9494799159365653,0.9102152110208374
166,control,0.7598096892979103,5.349118487639465e-06,0.7577449986818361,0.03810051403833385,,,,
167,control,0.7605421864344648,1.5371539165351192e-06,0.7583103959645557,0.03897237491637326,,,,
165,treatment,0.7616267932328331,-5.670165344360683e-05,0.7762509328870227,0.055765948240430574,0.8079344060891057,0.8832518703989874,0.9405249494776078,0.894260170399193
168,control,0.7602443713761562,1.2122414462193388e-05,0.7570464345977315,0.03808550146406378,,,,
166,treatment,0.7840443902646997,0.00012346317972296948,0.7791312285730552,0.0553736329280218,0.8177156505097688,0.8798831354228036,0.9462449452733883,0.9036684798145416
167,treatment,0.787220934324941,9.555645602403748e-05,0.7878809227731298,0.05172262777829544,0.8118955808863907,0.8779872553779473,0.9530186439716625,0.9161785101940639
169,control,0.75924252387486,5.752666047255291e-06,0.7573914200555196,0.038600223925715015,,,,
168,treatment,0.7873663298168809,-2.2739804725063096e-05,0.7962267222602883,0.04923707396658872,0.8131379400202726,0.8806315667124143,0.9477440718002959,0.9084654834017025
170,control,0.7585777583648237,-1.1848284153058146e-06,0.7569123024118952,0.038278277910663905,,,,
171,control,0.7576385904524087,-1.3977907376811842e-05,0.7579525437726836,0.03843914280950446,,,,
169,treatment,0.7873465619263944,6.366704993621589e-06,0.7947832984748793,0.04919059535627034,0.817733798574725,0.8833146675448648,0.9493605890592138,0.9090837726797009
172,control,0.7605732892162532,-2.6687167127179795e-06,0.7591602784858706,0.03823486460206984,,,,
170,treatment,0.7742666954987766,-5.9091375230844044e-05,0.7859217650232767,0.05115077466447676,0.8191157402673315,0.8770288538937435,0.9463668991122027,0.903085872008363
173,control,0.757872032416783,2.5196194509307934e-07,0.7563111575243087,0.03752568478506486,,,,
171,treatment,0.7785503493449739,-1.507801773096842e-05,0.7885544831078031,0.051225633566276824,0.8131218970155323,0.8796383717710463,0.9477101529602894,0.907744316686416
174,control,0.7582734632131454,-8.288060613930701e-07,0.7565137186468592,0.03816613499180489,,,,
172,treatment,0.7812018950279243,3.2356808500762524e-06,0.7884720629149327,0.04958742016295621,0.7985418895065508,0.864202998944956,0.9495712098399566,0.9116913689545892
173,treatment,0.7763393814086125,-4.18878491236232e-05,0.7912595623633051,0.05276216131009927,0.8051203546237453,0.8728516548150167,0.9487252276885874,0.9077558395942344
175,control,0.7575799424402261,-1.7719136594815263e-05,0.7576285372095444,0.03826753954837276,,,,
176,control,0.7581865812456122,3.640415379176988e-06,0.7568955170945524,0.03816900713986268,,,,
174,treatment,0.7901145305644159,-2.9881900150006946e-05,0.7947606615379573,0.054104846406127276,0.8181133648107936,0.8778466692709374,0.9496663974635965,0.9083609067711872
177,control,0.7586597148360876,3.72174130695691e-06,0.7568199968988606,0.038474738487423776,,,,
175,treatment,0.7942435268230135,5.719707127853998e-05,0.7917674819705925,0.05458195001632464,0.8080359743212325,0.8721232713388324,0.9536250941390628,0.9180344008364355
178,control,0.7598516687666734,5.087527314794229e-07,0.7584705004895385,0.03812435806847608,,,,
176,treatment,0.7885876751617314,-6.55798066526685e-05,0.7969320650088995,0.05194209222989698,0.8218991145963254,0.8854985941381999,0.9521359158801974,0.9117455711928353
179,control,0.7596563124408785,7.50536851692499e-06,0.7578516773224729,0.037866903088589955,,,,
177,treatment,0.788118155491312,2.6969330288606597e-05,0.7918948474198899,0.04921475813834688,0.8075705861543854,0.8734969863683709,0.9544224593680771,0.9179458243194359
178,treatment,0.7906088250913462,3.5150476556855475e-05,0.7928580845141467,0.05142939724071061,0.8078262798589607,0.8778840128759696,0.9513334670200417,0.9127269707212107
180,control,0.7595509945439414,-1.1621777179012122e-06,0.757411368094438,0.038688380867529945,,,,
181,control,0.75969993221679,-9.068176145642179e-06,0.7580292863223895,0.03854178891305939,,,,
179,treatment,0.7694566151648093,-4.2953347784959645e-05,0.7794613283227788,0.05042673692817007,0.8020302744845177,0.8750691281694007,0.947635010219332,0.9059083498862098
182,control,0.7597509643471704,6.813710056059086e-06,0.7572757287956713,0.03823598889224581,,,,
180,treatment,0.7719843940240785,-1.9376432263095522e-05,0.7830311160750917,0.05345677093206242,0.8084215634974466,0.8800503470228964,0.9422642950741021,0.8994574108051566
181,treatment,0.787253638171753,1.8024380411160802e-05,0.7934057567507686,0.052068009476952386,0.8143789097028937,0.8790546018691333,0.9526748808786175,0.9141017470546904
183,control,0.7592547852534055,2.858660588578875e-06,0.7571911499084925,0.038578354486666244,,,,
184,control,0.7578617853165462,7.3290246291055716e-06,0.7560427024175621,0.038205899977981024,,,,
182,treatment,0.7857675406221045,-6.202162569740616e-06,0.7908644655889345,0.052472636105312144,0.8070204549496756,0.8729029207327631,0.9492338504760286,0.9112357563558644
183,treatment,0.7770294126100633,2.536522651259881e-05,0.7848291363120239,0.05348676133659666,0.8199853969475125,0.8833071852059958,0.947159090298865,0.904569067661805
185,control,0.7581727021647394,3.591914118579063e-06,0.7573030898189799,0.03819952847540218,,,,
186,control,0.7606430279673856,8.912724448470213e-06,0.7581571190600419,0.03815655957240346,,,,
184,treatment,0.7801798312342384,-3.4456949654033386e-05,0.7880374693259143,0.05322630989475026,0.8055439454068816,0.8738348562906103,0.9496326344047176,0.9109811259858146
187,control,0.7580401509132075,-2.9111522306373172e-06,0.7572090143625081,0.037849166996386636,,,,
185,treatment,0.7913974714500726,-5.900411533560111e-05,0.7963154799054796,0.05063536165443152,0.8171127376295451,0.8768712613725148,0.9537991438464543,0.9157469024406075
188,control,0.7578238108839948,4.9223349109015176e-06,0.7563093241429999,0.03808885371712166,,,,
186,treatment,0.7798648704019913,6.083737590812112e-05,0.7851181990527331,0.051872604572449806,0.8071885667838943,0.8718636567591866,0.9483859308275835,0.9088100015905625
189,control,0.7591683638995712,9.66198446794392e-06,0.7566238685409359,0.038677279989324236,,,,
187,treatment,0.7888744215344312,4.634717219109643e-05,0.7899739416119739,0.05312279054868459,0.80312397959265,0.870524888077285,0.9500002080028052,0.9131410111599726
190,control,0.7608820317510928,1.8829732589457866e-06,0.7586469228466713,0.03842358690647136,,,,
188,treatment,0.7732214785050453,-7.725131790795586e-05,0.7844104253581626,0.05152476846547315,0.8188515928313643,0.8864439899980269,0.9421898248862639,0.8946597491653281
189,treatment,0.7883158436928404,3.867125395351425e-05,0.7920168398701761,0.0519299730651369,0.8074897069672846,0.8729407112447671,0.9521835305583114,0.9151563794972305
191,control,0.7574715408103084,-7.920612644523993e-06,0.7572050741981228,0.03887669762881584,,,,
190,treatment,0.7690217123909245,-0.00010402720250128436,0.7875615872116944,0.05105263567104506,0.7993021192821467,0.8799257009672052,0.9470364152773287,0.9057707386529233
192,control,0.7604753060753199,-2.2462105794138206e-06,0.7594030626644185,0.03858081048943172,,,,
193,control,0.7604600691595139,-8.021378662119627e-07,0.7587647625920705,0.03822354244649761,,,,
191,treatment,0.778464223741536,-9.969601999449448e-05,0.7897175533798628,0.05105116606779151,0.8184228223988782,0.8841259186880203,0.9463274550392194,0.9025869537404718
194,control,0.7593082879111821,-3.039613409567265e-06,0.7585604766269448,0.038081273194941125,,,,
192,treatment,0.7817269394995902,-6.631321291891412e-05,0.7946572207547948,0.05104832384193768,0.8004370076750307,0.8711897771508356,0.9536467895676981,0.9171395179637899
195,control,0.757721891680037,2.5872627187308474e-06,0.756462898739762,0.03882807777241971,,,,
193,treatment,0.7814357108268185,-1.8531266629935682e-05,0.7908474579124924,0.04933391580705005,0.8144490838338779,0.8765172332507027,0.9474595749525763,0.9077951647332555
196,control,0.7591789934026747,5.575656328869009e-06,0.7573014457855066,0.03825905427477889,,,,
194,treatment,0.7955633911982491,2.563642739466642e-05,0.7968513102107413,0.04989017301427431,0.8168288362855646,0.875553203808828,0.9569414073107194,0.9205333284828636
195,treatment,0.7958971392605642,3.127846327374794e-05,0.7989899885988039,0.04996151859912501,0.8210031172401016,0.8827261744344866,0.9532029644656985,0.9147050490945462
197,control,0.7594561717046112,1.4374695500983913e-05,0.7571348603706092,0.038526386968297355,,,,
196,treatment,0.782616079716095,-7.86843412592646e-05,0.7944172342236878,0.04941659372913079,0.8082420592320184,0.8695421023670542,0.9497410511073565,0.9093060708891647
198,control,0.7582773183660223,3.944030719399896e-06,0.7567633682157876,0.03802999635000336,,,,
197,treatment,0.7742148310512372,1.0845212348312497e-06,0.7840102275665398,0.05049789728532201,0.8113538575662754,0.8794846567472492,0.9465533795949869,0.9040758442841528
199,control,0.7593605820041646,4.747998514486659e-06,0.7574039455105307,0.038244019581905556,,,,
198,treatment,0.7870640994311279,-2.7349851240108433e-05,0.7945506019207256,0.04919694937671487,0.8152261003089514,0.877706375473127,0.9516171183172244,0.9128580080456611
199,treatment,0.7879736957535112,-6.62905433823572e-05,0.791006164190819,0.05242042457963034,0.8135706010631425,0.8773277493137484,0.951779562643907,0.9133503935641354
